name,is_normal,is_fighting,is_flying,is_poison,is_ground,is_rock,is_bug,is_ghost,is_steel,is_fire,is_water,is_grass,is_electric,is_psychic,is_ice,is_dragon,is_dark,is_fairy,BST,ATK_TOT,DEF_TOT
Bulbasaur,0,0,0,1,0,0,0,0,0,0,0,1,0,0,0,0,0,0,318,110,110
Ivysaur,0,0,0,1,0,0,0,0,0,0,0,1,0,0,0,0,0,0,405,140,140
Venusaur,0,0,0,1,0,0,0,0,0,0,0,1,0,0,0,0,0,0,625,202,203
Charmander,0,0,0,0,0,0,0,0,0,1,0,0,0,0,0,0,0,0,309,125,89
Charmeleon,0,0,0,0,0,0,0,0,0,1,0,0,0,0,0,0,0,0,405,160,123
Charizard,0,0,1,0,0,0,0,0,0,1,0,0,0,0,0,0,0,0,634,259,193
Squirtle,0,0,0,0,0,0,0,0,0,0,1,0,0,0,0,0,0,0,314,93,109
Wartortle,0,0,0,0,0,0,0,0,0,0,1,0,0,0,0,0,0,0,405,123,139
Blastoise,0,0,0,0,0,0,0,0,0,0,1,0,0,0,0,0,0,0,630,213,199
Caterpie,0,0,0,0,0,0,1,0,0,0,0,0,0,0,0,0,0,0,195,75,80
Metapod,0,0,0,0,0,0,1,0,0,0,0,0,0,0,0,0,0,0,205,55,105
Butterfree,0,0,1,0,0,0,1,0,0,0,0,0,0,0,0,0,0,0,395,160,140
Weedle,0,0,0,1,0,0,1,0,0,0,0,0,0,0,0,0,0,0,195,85,70
Kakuna,0,0,0,1,0,0,1,0,0,0,0,0,0,0,0,0,0,0,205,60,95
Beedrill,0,0,0,1,0,0,1,0,0,0,0,0,0,0,0,0,0,0,495,295,145
Pidgey,1,0,1,0,0,0,0,0,0,0,0,0,0,0,0,0,0,0,251,101,80
Pidgeotto,1,0,1,0,0,0,0,0,0,0,0,0,0,0,0,0,0,0,349,131,118
Pidgeot,1,0,1,0,0,0,0,0,0,0,0,0,0,0,0,0,0,0,579,256,163
Rattata,1,0,0,0,0,0,0,0,0,0,0,0,0,0,0,0,1,0,253,128,65
Raticate,1,0,0,0,0,0,0,0,0,0,0,0,0,0,0,0,1,0,413,148,155
Spearow,1,0,1,0,0,0,0,0,0,0,0,0,0,0,0,0,0,0,262,130,71
Fearow,1,0,1,0,0,0,0,0,0,0,0,0,0,0,0,0,0,0,442,190,130
Ekans,0,0,0,1,0,0,0,0,0,0,0,0,0,0,0,0,0,0,288,115,89
Arbok,0,0,0,1,0,0,0,0,0,0,0,0,0,0,0,0,0,0,448,175,139
Pikachu,0,0,0,0,0,0,0,0,0,0,0,0,1,0,0,0,0,0,320,145,85
Raichu,0,0,0,0,0,0,0,0,0,0,0,0,1,0,0,0,0,0,485,205,145
Sandshrew,0,0,0,0,1,0,0,0,0,0,0,0,0,0,1,0,0,0,300,115,140
Sandslash,0,0,0,0,1,0,0,0,0,0,0,0,0,0,1,0,0,0,450,165,195
Nidoran♀,0,0,0,1,0,0,0,0,0,0,0,0,0,0,0,0,0,0,275,88,107
Nidorina,0,0,0,1,0,0,0,0,0,0,0,0,0,0,0,0,0,0,365,118,137
Nidoqueen,0,0,0,1,1,0,0,0,0,0,0,0,0,0,0,0,0,0,505,168,177
Nidoran♂,0,0,0,1,0,0,0,0,0,0,0,0,0,0,0,0,0,0,273,107,86
Nidorino,0,0,0,1,0,0,0,0,0,0,0,0,0,0,0,0,0,0,365,137,118
Nidoking,0,0,0,1,1,0,0,0,0,0,0,0,0,0,0,0,0,0,505,187,158
Clefairy,0,0,0,0,0,0,0,0,0,0,0,0,0,0,0,0,0,1,323,95,135
Clefable,0,0,0,0,0,0,0,0,0,0,0,0,0,0,0,0,0,1,483,155,185
Vulpix,0,0,0,0,0,0,0,0,0,1,0,0,0,0,1,0,0,0,299,115,103
Ninetales,0,0,0,0,0,0,0,0,0,1,0,0,0,0,1,0,0,0,505,190,173
Jigglypuff,1,0,0,0,0,0,0,0,0,0,0,0,0,0,0,0,0,1,270,65,140
Wigglytuff,1,0,0,0,0,0,0,0,0,0,0,0,0,0,0,0,0,1,435,130,190
Zubat,0,0,1,1,0,0,0,0,0,0,0,0,0,0,0,0,0,0,245,100,80
Golbat,0,0,1,1,0,0,0,0,0,0,0,0,0,0,0,0,0,0,455,170,150
Oddish,0,0,0,1,0,0,0,0,0,0,0,1,0,0,0,0,0,0,320,105,110
Gloom,0,0,0,1,0,0,0,0,0,0,0,1,0,0,0,0,0,0,395,125,135
Vileplume,0,0,0,1,0,0,0,0,0,0,0,1,0,0,0,0,0,0,490,160,165
Paras,0,0,0,0,0,0,1,0,0,0,0,1,0,0,0,0,0,0,285,95,90
Parasect,0,0,0,0,0,0,1,0,0,0,0,1,0,0,0,0,0,0,405,125,140
Venonat,0,0,0,1,0,0,1,0,0,0,0,0,0,0,0,0,0,0,305,100,115
Venomoth,0,0,0,1,0,0,1,0,0,0,0,0,0,0,0,0,0,0,450,180,145
Diglett,0,0,0,0,1,0,0,0,0,0,0,0,0,0,0,0,0,0,265,145,55
Dugtrio,0,0,0,0,1,0,0,0,0,0,0,0,0,0,0,0,0,0,425,210,105
Meowth,1,0,0,0,0,0,0,0,0,0,0,0,0,0,0,0,1,0,290,140,80
Persian,1,0,0,0,0,0,0,0,0,0,0,0,0,0,0,0,1,0,440,190,130
Psyduck,0,0,0,0,0,0,0,0,0,0,1,0,0,0,0,0,0,0,320,120,100
Golduck,0,0,0,0,0,0,0,0,0,0,1,0,0,0,0,0,0,0,500,180,160
Mankey,0,1,0,0,0,0,0,0,0,0,0,0,0,0,0,0,0,0,305,150,85
Primeape,0,1,0,0,0,0,0,0,0,0,0,0,0,0,0,0,0,0,455,200,135
Growlithe,0,0,0,0,0,0,0,0,0,1,0,0,0,0,0,0,0,0,350,130,105
Arcanine,0,0,0,0,0,0,0,0,0,1,0,0,0,0,0,0,0,0,555,205,170
Poliwag,0,0,0,0,0,0,0,0,0,0,1,0,0,0,0,0,0,0,300,140,80
Poliwhirl,0,0,0,0,0,0,0,0,0,0,1,0,0,0,0,0,0,0,385,155,130
Poliwrath,0,1,0,0,0,0,0,0,0,0,1,0,0,0,0,0,0,0,510,165,185
Abra,0,0,0,0,0,0,0,0,0,0,0,0,0,1,0,0,0,0,310,195,80
Kadabra,0,0,0,0,0,0,0,0,0,0,0,0,0,1,0,0,0,0,400,225,110
Alakazam,0,0,0,0,0,0,0,0,0,0,0,0,0,1,0,0,0,0,600,325,160
Machop,0,1,0,0,0,0,0,0,0,0,0,0,0,0,0,0,0,0,305,115,120
Machoke,0,1,0,0,0,0,0,0,0,0,0,0,0,0,0,0,0,0,405,145,150
Machamp,0,1,0,0,0,0,0,0,0,0,0,0,0,0,0,0,0,0,505,185,175
Bellsprout,0,0,0,1,0,0,0,0,0,0,0,1,0,0,0,0,0,0,300,115,85
Weepinbell,0,0,0,1,0,0,0,0,0,0,0,1,0,0,0,0,0,0,390,145,115
Victreebel,0,0,0,1,0,0,0,0,0,0,0,1,0,0,0,0,0,0,490,175,150
Tentacool,0,0,0,1,0,0,0,0,0,0,1,0,0,0,0,0,0,0,335,120,140
Tentacruel,0,0,0,1,0,0,0,0,0,0,1,0,0,0,0,0,0,0,515,180,200
Geodude,0,0,0,0,1,1,0,0,0,0,0,0,0,0,0,0,0,0,300,100,140
Graveler,0,0,0,0,1,1,0,0,0,0,0,0,0,0,0,0,0,0,390,130,170
Golem,0,0,0,0,1,1,0,0,0,0,0,0,0,0,0,0,0,0,495,165,210
Ponyta,0,0,0,0,0,0,0,0,0,1,0,0,0,0,0,0,0,0,410,175,115
Rapidash,0,0,0,0,0,0,0,0,0,1,0,0,0,0,0,0,0,0,500,205,145
Slowpoke,0,0,0,0,0,0,0,0,0,0,1,0,0,1,0,0,0,0,315,80,155
Slowbro,0,0,0,0,0,0,0,0,0,0,1,0,0,1,0,0,0,0,590,160,275
Magnemite,0,0,0,0,0,0,0,0,1,0,0,0,1,0,0,0,0,0,325,140,95
Magneton,0,0,0,0,0,0,0,0,1,0,0,0,1,0,0,0,0,0,465,190,145
Farfetch'd,1,0,1,0,0,0,0,0,0,0,0,0,0,0,0,0,0,0,377,150,114
Doduo,1,0,1,0,0,0,0,0,0,0,0,0,0,0,0,0,0,0,310,160,80
Dodrio,1,0,1,0,0,0,0,0,0,0,0,0,0,0,0,0,0,0,470,220,130
Seel,0,0,0,0,0,0,0,0,0,0,1,0,0,0,0,0,0,0,325,90,135
Dewgong,0,0,0,0,0,0,0,0,0,0,1,0,0,0,1,0,0,0,475,140,185
Grimer,0,0,0,1,0,0,0,0,0,0,0,0,0,0,0,0,0,0,325,105,130
Muk,0,0,0,1,0,0,0,0,0,0,0,0,0,0,0,0,0,0,500,155,205
Shellder,0,0,0,0,0,0,0,0,0,0,1,0,0,0,0,0,0,0,305,105,130
Cloyster,0,0,0,0,0,0,0,0,0,0,1,0,0,0,1,0,0,0,525,165,230
Gastly,0,0,0,1,0,0,0,1,0,0,0,0,0,0,0,0,0,0,310,180,65
Haunter,0,0,0,1,0,0,0,1,0,0,0,0,0,0,0,0,0,0,405,210,100
Gengar,0,0,0,1,0,0,0,1,0,0,0,0,0,0,0,0,0,0,600,300,155
Onix,0,0,0,0,1,1,0,0,0,0,0,0,0,0,0,0,0,0,385,115,195
Drowzee,0,0,0,0,0,0,0,0,0,0,0,0,0,1,0,0,0,0,328,90,150
Hypno,0,0,0,0,0,0,0,0,0,0,0,0,0,1,0,0,0,0,483,140,200
Krabby,0,0,0,0,0,0,0,0,0,0,1,0,0,0,0,0,0,0,325,155,120
Kingler,0,0,0,0,0,0,0,0,0,0,1,0,0,0,0,0,0,0,475,205,170
Voltorb,0,0,0,0,0,0,0,0,0,0,0,0,1,0,0,0,0,0,330,155,95
Electrode,0,0,0,0,0,0,0,0,0,0,0,0,1,0,0,0,0,0,490,230,140
Exeggcute,0,0,0,0,0,0,0,0,0,0,0,1,0,1,0,0,0,0,325,100,140
Exeggutor,0,0,0,0,0,0,0,0,0,0,0,1,0,1,0,0,0,0,530,170,180
Cubone,0,0,0,0,1,0,0,0,0,0,0,0,0,0,0,0,0,0,320,85,145
Marowak,0,0,0,0,1,0,0,0,0,1,0,0,0,0,0,0,0,0,425,125,170
Hitmonlee,0,1,0,0,0,0,0,0,0,0,0,0,0,0,0,0,0,0,455,207,160
Hitmonchan,0,1,0,0,0,0,0,0,0,0,0,0,0,0,0,0,0,0,455,181,160
Lickitung,1,0,0,0,0,0,0,0,0,0,0,0,0,0,0,0,0,0,385,90,165
Koffing,0,0,0,1,0,0,0,0,0,0,0,0,0,0,0,0,0,0,340,100,135
Weezing,0,0,0,1,0,0,0,0,0,0,0,0,0,0,0,0,0,0,490,150,185
Rhyhorn,0,0,0,0,1,1,0,0,0,0,0,0,0,0,0,0,0,0,345,110,175
Rhydon,0,0,0,0,1,1,0,0,0,0,0,0,0,0,0,0,0,0,485,170,225
Chansey,1,0,0,0,0,0,0,0,0,0,0,0,0,0,0,0,0,0,450,85,355
Tangela,0,0,0,0,0,0,0,0,0,0,0,1,0,0,0,0,0,0,435,160,180
Kangaskhan,1,0,0,0,0,0,0,0,0,0,0,0,0,0,0,0,0,0,590,225,205
Horsea,0,0,0,0,0,0,0,0,0,0,1,0,0,0,0,0,0,0,295,130,100
Seadra,0,0,0,0,0,0,0,0,0,0,1,0,0,0,0,0,0,0,440,180,150
Goldeen,0,0,0,0,0,0,0,0,0,0,1,0,0,0,0,0,0,0,320,130,105
Seaking,0,0,0,0,0,0,0,0,0,0,1,0,0,0,0,0,0,0,450,160,160
Staryu,0,0,0,0,0,0,0,0,0,0,1,0,0,0,0,0,0,0,340,155,85
Starmie,0,0,0,0,0,0,0,0,0,0,1,0,0,1,0,0,0,0,520,215,145
Mr. Mime,0,0,0,0,0,0,0,0,0,0,0,0,0,1,0,0,0,1,460,190,160
Scyther,0,0,1,0,0,0,1,0,0,0,0,0,0,0,0,0,0,0,500,215,150
Jynx,0,0,0,0,0,0,0,0,0,0,0,0,0,1,1,0,0,0,455,210,160
Electabuzz,0,0,0,0,0,0,0,0,0,0,0,0,1,0,0,0,0,0,490,200,150
Magmar,0,0,0,0,0,0,0,0,0,1,0,0,0,0,0,0,0,0,495,193,150
Pinsir,0,0,0,0,0,0,1,0,0,0,0,0,0,0,0,0,0,0,600,260,185
Tauros,1,0,0,0,0,0,0,0,0,0,0,0,0,0,0,0,0,0,490,210,170
Magikarp,0,0,0,0,0,0,0,0,0,0,1,0,0,0,0,0,0,0,200,95,75
Gyarados,0,0,1,0,0,0,0,0,0,0,1,0,0,0,0,0,0,0,640,236,225
Lapras,0,0,0,0,0,0,0,0,0,0,1,0,0,0,1,0,0,0,535,145,225
Eevee,1,0,0,0,0,0,0,0,0,0,0,0,0,0,0,0,0,0,325,110,120
Vaporeon,0,0,0,0,0,0,0,0,0,0,1,0,0,0,0,0,0,0,525,175,225
Jolteon,0,0,0,0,0,0,0,0,0,0,0,0,1,0,0,0,0,0,525,240,160
Flareon,0,0,0,0,0,0,0,0,0,1,0,0,0,0,0,0,0,0,525,195,175
Porygon,1,0,0,0,0,0,0,0,0,0,0,0,0,0,0,0,0,0,395,125,140
Omanyte,0,0,0,0,0,1,0,0,0,0,1,0,0,0,0,0,0,0,355,125,135
Omastar,0,0,0,0,0,1,0,0,0,0,1,0,0,0,0,0,0,0,495,170,195
Kabuto,0,0,0,0,0,1,0,0,0,0,1,0,0,0,0,0,0,0,355,135,120
Kabutops,0,0,0,0,0,1,0,0,0,0,1,0,0,0,0,0,0,0,495,195,165
Aerodactyl,0,0,1,0,0,1,0,0,0,0,0,0,0,0,0,0,0,0,615,285,175
Snorlax,1,0,0,0,0,0,0,0,0,0,0,0,0,0,0,0,0,0,540,140,270
Dratini,0,0,0,0,0,0,0,0,0,0,0,0,0,0,0,1,0,0,300,114,91
Dragonair,0,0,0,0,0,0,0,0,0,0,0,0,0,0,0,1,0,0,420,154,131
Dragonite,0,0,1,0,0,0,0,0,0,0,0,0,0,0,0,1,0,0,600,214,191
Chikorita,0,0,0,0,0,0,0,0,0,0,0,1,0,0,0,0,0,0,318,94,110
Bayleef,0,0,0,0,0,0,0,0,0,0,0,1,0,0,0,0,0,0,405,123,140
Meganium,0,0,0,0,0,0,0,0,0,0,0,1,0,0,0,0,0,0,525,163,180
Cyndaquil,0,0,0,0,0,0,0,0,0,1,0,0,0,0,0,0,0,0,309,125,89
Quilava,0,0,0,0,0,0,0,0,0,1,0,0,0,0,0,0,0,0,405,160,123
Typhlosion,0,0,0,0,0,0,0,0,0,1,0,0,0,0,0,0,0,0,534,209,163
Totodile,0,0,0,0,0,0,0,0,0,0,1,0,0,0,0,0,0,0,314,108,114
Croconaw,0,0,0,0,0,0,0,0,0,0,1,0,0,0,0,0,0,0,405,138,145
Feraligatr,0,0,0,0,0,0,0,0,0,0,1,0,0,0,0,0,0,0,530,183,185
Sentret,1,0,0,0,0,0,0,0,0,0,0,0,0,0,0,0,0,0,215,66,80
Furret,1,0,0,0,0,0,0,0,0,0,0,0,0,0,0,0,0,0,415,166,149
Hoothoot,1,0,1,0,0,0,0,0,0,0,0,0,0,0,0,0,0,0,262,86,116
Noctowl,1,0,1,0,0,0,0,0,0,0,0,0,0,0,0,0,0,0,452,156,196
Ledyba,0,0,1,0,0,0,1,0,0,0,0,0,0,0,0,0,0,0,265,95,120
Ledian,0,0,1,0,0,0,1,0,0,0,0,0,0,0,0,0,0,0,390,140,165
Spinarak,0,0,0,1,0,0,1,0,0,0,0,0,0,0,0,0,0,0,250,90,80
Ariados,0,0,0,1,0,0,1,0,0,0,0,0,0,0,0,0,0,0,400,130,140
Crobat,0,0,1,1,0,0,0,0,0,0,0,0,0,0,0,0,0,0,535,220,165
Chinchou,0,0,0,0,0,0,0,0,0,0,1,0,1,0,0,0,0,0,330,123,131
Lanturn,0,0,0,0,0,0,0,0,0,0,1,0,1,0,0,0,0,0,460,143,201
Pichu,0,0,0,0,0,0,0,0,0,0,0,0,1,0,0,0,0,0,205,100,55
Cleffa,0,0,0,0,0,0,0,0,0,0,0,0,0,0,0,0,0,1,218,60,105
Igglybuff,1,0,0,0,0,0,0,0,0,0,0,0,0,0,0,0,0,1,210,55,110
Togepi,0,0,0,0,0,0,0,0,0,0,0,0,0,0,0,0,0,1,245,60,100
Togetic,0,0,1,0,0,0,0,0,0,0,0,0,0,0,0,0,0,1,405,120,160
Natu,0,0,1,0,0,0,0,0,0,0,0,0,0,1,0,0,0,0,320,140,85
Xatu,0,0,1,0,0,0,0,0,0,0,0,0,0,1,0,0,0,0,470,190,135
Mareep,0,0,0,0,0,0,0,0,0,0,0,0,1,0,0,0,0,0,280,100,100
Flaaffy,0,0,0,0,0,0,0,0,0,0,0,0,1,0,0,0,0,0,365,125,130
Ampharos,0,0,0,0,0,0,0,0,0,0,0,0,1,0,0,0,0,0,610,210,200
Bellossom,0,0,0,0,0,0,0,0,0,0,0,1,0,0,0,0,0,0,490,140,175
Marill,0,0,0,0,0,0,0,0,0,0,1,0,0,0,0,0,0,1,250,60,120
Azumarill,0,0,0,0,0,0,0,0,0,0,1,0,0,0,0,0,0,1,420,110,180
Sudowoodo,0,0,0,0,0,1,0,0,0,0,0,0,0,0,0,0,0,0,410,130,185
Politoed,0,0,0,0,0,0,0,0,0,0,1,0,0,0,0,0,0,0,500,160,190
Hoppip,0,0,1,0,0,0,0,0,0,0,0,1,0,0,0,0,0,0,250,85,90
Skiploom,0,0,1,0,0,0,0,0,0,0,0,1,0,0,0,0,0,0,340,125,120
Jumpluff,0,0,1,0,0,0,0,0,0,0,0,1,0,0,0,0,0,0,460,165,170
Aipom,1,0,0,0,0,0,0,0,0,0,0,0,0,0,0,0,0,0,360,155,110
Sunkern,0,0,0,0,0,0,0,0,0,0,0,1,0,0,0,0,0,0,180,60,60
Sunflora,0,0,0,0,0,0,0,0,0,0,0,1,0,0,0,0,0,0,425,135,160
Yanma,0,0,1,0,0,0,1,0,0,0,0,0,0,0,0,0,0,0,390,170,110
Wooper,0,0,0,0,1,0,0,0,0,0,1,0,0,0,0,0,0,0,210,60,100
Quagsire,0,0,0,0,1,0,0,0,0,0,1,0,0,0,0,0,0,0,430,120,180
Espeon,0,0,0,0,0,0,0,0,0,0,0,0,0,1,0,0,0,0,525,240,160
Umbreon,0,0,0,0,0,0,0,0,0,0,0,0,0,0,0,0,1,0,525,130,225
Murkrow,0,0,1,0,0,0,0,0,0,0,0,0,0,0,0,0,1,0,405,176,102
Slowking,0,0,0,0,0,0,0,0,0,0,1,0,0,1,0,0,0,0,490,130,205
Misdreavus,0,0,0,0,0,0,0,1,0,0,0,0,0,0,0,0,0,0,435,170,145
Girafarig,1,0,0,0,0,0,0,0,0,0,0,0,0,1,0,0,0,0,455,175,135
Pineco,0,0,0,0,0,0,1,0,0,0,0,0,0,0,0,0,0,0,290,80,140
Forretress,0,0,0,0,0,0,1,0,1,0,0,0,0,0,0,0,0,0,465,130,215
Dunsparce,1,0,0,0,0,0,0,0,0,0,0,0,0,0,0,0,0,0,415,115,170
Gligar,0,0,1,0,1,0,0,0,0,0,0,0,0,0,0,0,0,0,430,160,170
Steelix,0,0,0,0,1,0,0,0,1,0,0,0,0,0,0,0,0,0,610,155,305
Snubbull,0,0,0,0,0,0,0,0,0,0,0,0,0,0,0,0,0,1,300,110,110
Granbull,0,0,0,0,0,0,0,0,0,0,0,0,0,0,0,0,0,1,450,165,165
Qwilfish,0,0,0,1,0,0,0,0,0,0,1,0,0,0,0,0,0,0,440,180,150
Scizor,0,0,0,0,0,0,1,0,1,0,0,0,0,0,0,0,0,0,600,225,210
Shuckle,0,0,0,0,0,1,1,0,0,0,0,0,0,0,0,0,0,0,505,15,250
Heracross,0,1,0,0,0,0,1,0,0,0,0,0,0,0,0,0,0,0,600,260,195
Sneasel,0,0,0,0,0,0,0,0,0,0,0,0,0,0,1,0,1,0,430,210,130
Teddiursa,1,0,0,0,0,0,0,0,0,0,0,0,0,0,0,0,0,0,330,120,110
Ursaring,1,0,0,0,0,0,0,0,0,0,0,0,0,0,0,0,0,0,500,185,165
Slugma,0,0,0,0,0,0,0,0,0,1,0,0,0,0,0,0,0,0,250,90,80
Magcargo,0,0,0,0,0,1,0,0,0,1,0,0,0,0,0,0,0,0,430,120,180
Swinub,0,0,0,0,1,0,0,0,0,0,0,0,0,0,1,0,0,0,250,100,90
Piloswine,0,0,0,0,1,0,0,0,0,0,0,0,0,0,1,0,0,0,450,150,180
Corsola,0,0,0,0,0,1,0,0,0,0,1,0,0,0,0,0,0,0,410,100,160
Remoraid,0,0,0,0,0,0,0,0,0,0,1,0,0,0,0,0,0,0,300,130,70
Octillery,0,0,0,0,0,0,0,0,0,0,1,0,0,0,0,0,0,0,480,150,150
Delibird,0,0,1,0,0,0,0,0,0,0,0,0,0,0,1,0,0,0,330,140,90
Mantine,0,0,1,0,0,0,0,0,0,0,1,0,0,0,0,0,0,0,485,150,225
Skarmory,0,0,1,0,0,0,0,0,1,0,0,0,0,0,0,0,0,0,465,150,205
Houndour,0,0,0,0,0,0,0,0,0,1,0,0,0,0,0,0,1,0,330,145,95
Houndoom,0,0,0,0,0,0,0,0,0,1,0,0,0,0,0,0,1,0,600,255,165
Kingdra,0,0,0,0,0,0,0,0,0,0,1,0,0,0,0,1,0,0,540,180,170
Phanpy,0,0,0,0,1,0,0,0,0,0,0,0,0,0,0,0,0,0,330,100,150
Donphan,0,0,0,0,1,0,0,0,0,0,0,0,0,0,0,0,0,0,500,170,210
Porygon2,1,0,0,0,0,0,0,0,0,0,0,0,0,0,0,0,0,0,515,165,180
Stantler,1,0,0,0,0,0,0,0,0,0,0,0,0,0,0,0,0,0,465,180,138
Tyrogue,0,1,0,0,0,0,0,0,0,0,0,0,0,0,0,0,0,0,210,70,70
Hitmontop,0,1,0,0,0,0,0,0,0,0,0,0,0,0,0,0,0,0,455,165,160
Smoochum,0,0,0,0,0,0,0,0,0,0,0,0,0,1,1,0,0,0,305,150,110
Elekid,0,0,0,0,0,0,0,0,0,0,0,0,1,0,0,0,0,0,360,160,100
Magby,0,0,0,0,0,0,0,0,0,1,0,0,0,0,0,0,0,0,365,158,100
Miltank,1,0,0,0,0,0,0,0,0,0,0,0,0,0,0,0,0,0,490,180,200
Blissey,1,0,0,0,0,0,0,0,0,0,0,0,0,0,0,0,0,0,540,130,390
Larvitar,0,0,0,0,1,1,0,0,0,0,0,0,0,0,0,0,0,0,300,105,100
Pupitar,0,0,0,0,1,1,0,0,0,0,0,0,0,0,0,0,0,0,410,135,140
Tyranitar,0,0,0,0,0,1,0,0,0,0,0,0,0,0,0,0,1,0,700,235,250
Treecko,0,0,0,0,0,0,0,0,0,0,0,1,0,0,0,0,0,0,310,135,95
Grovyle,0,0,0,0,0,0,0,0,0,0,0,1,0,0,0,0,0,0,405,180,115
Sceptile,0,0,0,0,0,0,0,0,0,0,0,1,0,0,0,0,0,0,630,290,155
Torchic,0,0,0,0,0,0,0,0,0,1,0,0,0,0,0,0,0,0,310,115,95
Combusken,0,1,0,0,0,0,0,0,0,1,0,0,0,0,0,0,0,0,405,140,120
Blaziken,0,1,0,0,0,0,0,0,0,1,0,0,0,0,0,0,0,0,630,260,160
Mudkip,0,0,0,0,0,0,0,0,0,0,1,0,0,0,0,0,0,0,310,110,100
Marshtomp,0,0,0,0,1,0,0,0,0,0,1,0,0,0,0,0,0,0,405,135,140
Swampert,0,0,0,0,1,0,0,0,0,0,1,0,0,0,0,0,0,0,635,220,210
Poochyena,0,0,0,0,0,0,0,0,0,0,0,0,0,0,0,0,1,0,220,90,70
Mightyena,0,0,0,0,0,0,0,0,0,0,0,0,0,0,0,0,1,0,420,160,140
Zigzagoon,1,0,0,0,0,0,0,0,0,0,0,0,0,0,0,0,0,0,240,90,79
Linoone,1,0,0,0,0,0,0,0,0,0,0,0,0,0,0,0,0,0,420,170,139
Wurmple,0,0,0,0,0,0,1,0,0,0,0,0,0,0,0,0,0,0,195,65,80
Silcoon,0,0,0,0,0,0,1,0,0,0,0,0,0,0,0,0,0,0,205,50,105
Beautifly,0,0,1,0,0,0,1,0,0,0,0,0,0,0,0,0,0,0,395,165,110
Cascoon,0,0,0,0,0,0,1,0,0,0,0,0,0,0,0,0,0,0,205,50,105
Dustox,0,0,0,1,0,0,1,0,0,0,0,0,0,0,0,0,0,0,385,115,150
Lotad,0,0,0,0,0,0,0,0,0,0,1,1,0,0,0,0,0,0,220,70,90
Lombre,0,0,0,0,0,0,0,0,0,0,1,1,0,0,0,0,0,0,340,110,130
Ludicolo,0,0,0,0,0,0,0,0,0,0,1,1,0,0,0,0,0,0,480,160,180
Seedot,0,0,0,0,0,0,0,0,0,0,0,1,0,0,0,0,0,0,220,70,90
Nuzleaf,0,0,0,0,0,0,0,0,0,0,0,1,0,0,0,0,1,0,340,130,110
Shiftry,0,0,0,0,0,0,0,0,0,0,0,1,0,0,0,0,1,0,480,180,150
Taillow,1,0,1,0,0,0,0,0,0,0,0,0,0,0,0,0,0,0,270,140,70
Swellow,1,0,1,0,0,0,0,0,0,0,0,0,0,0,0,0,0,0,455,210,120
Wingull,0,0,1,0,0,0,0,0,0,0,1,0,0,0,0,0,0,0,270,140,70
Pelipper,0,0,1,0,0,0,0,0,0,0,1,0,0,0,0,0,0,0,440,160,160
Ralts,0,0,0,0,0,0,0,0,0,0,0,0,0,1,0,0,0,1,198,85,63
Kirlia,0,0,0,0,0,0,0,0,0,0,0,0,0,1,0,0,0,1,278,115,93
Gardevoir,0,0,0,0,0,0,0,0,0,0,0,0,0,1,0,0,0,1,618,265,203
Surskit,0,0,0,0,0,0,1,0,0,0,1,0,0,0,0,0,0,0,269,115,92
Masquerain,0,0,1,0,0,0,1,0,0,0,0,0,0,0,0,0,0,0,454,180,152
Shroomish,0,0,0,0,0,0,0,0,0,0,0,1,0,0,0,0,0,0,295,75,120
Breloom,0,1,0,0,0,0,0,0,0,0,0,1,0,0,0,0,0,0,460,200,140
Slakoth,1,0,0,0,0,0,0,0,0,0,0,0,0,0,0,0,0,0,280,90,120
Vigoroth,1,0,0,0,0,0,0,0,0,0,0,0,0,0,0,0,0,0,440,170,160
Slaking,1,0,0,0,0,0,0,0,0,0,0,0,0,0,0,0,0,0,670,260,250
Nincada,0,0,0,0,1,0,1,0,0,0,0,0,0,0,0,0,0,0,266,85,121
Ninjask,0,0,1,0,0,0,1,0,0,0,0,0,0,0,0,0,0,0,456,250,111
Shedinja,0,0,0,0,0,0,1,1,0,0,0,0,0,0,0,0,0,0,236,130,46
Whismur,1,0,0,0,0,0,0,0,0,0,0,0,0,0,0,0,0,0,240,79,87
Loudred,1,0,0,0,0,0,0,0,0,0,0,0,0,0,0,0,0,0,360,119,127
Exploud,1,0,0,0,0,0,0,0,0,0,0,0,0,0,0,0,0,0,490,159,177
Makuhita,0,1,0,0,0,0,0,0,0,0,0,0,0,0,0,0,0,0,237,85,102
Hariyama,0,1,0,0,0,0,0,0,0,0,0,0,0,0,0,0,0,0,474,170,204
Azurill,1,0,0,0,0,0,0,0,0,0,0,0,0,0,0,0,0,1,190,40,90
Nosepass,0,0,0,0,0,1,0,0,0,0,0,0,0,0,0,0,0,0,375,75,165
Skitty,1,0,0,0,0,0,0,0,0,0,0,0,0,0,0,0,0,0,260,95,95
Delcatty,1,0,0,0,0,0,0,0,0,0,0,0,0,0,0,0,0,0,400,155,135
Sableye,0,0,0,0,0,0,0,1,0,0,0,0,0,0,0,0,1,0,480,105,175
Mawile,0,0,0,0,0,0,0,0,1,0,0,0,0,0,0,0,0,1,480,155,175
Aron,0,0,0,0,0,1,0,0,1,0,0,0,0,0,0,0,0,0,330,100,150
Lairon,0,0,0,0,0,1,0,0,1,0,0,0,0,0,0,0,0,0,430,130,200
Aggron,0,0,0,0,0,1,0,0,1,0,0,0,0,0,0,0,0,0,630,190,300
Meditite,0,1,0,0,0,0,0,0,0,0,0,0,0,1,0,0,0,0,280,100,85
Medicham,0,1,0,0,0,0,0,0,0,0,0,0,0,1,0,0,0,0,510,200,145
Electrike,0,0,0,0,0,0,0,0,0,0,0,0,1,0,0,0,0,0,295,130,80
Manectric,0,0,0,0,0,0,0,0,0,0,0,0,1,0,0,0,0,0,575,270,150
Plusle,0,0,0,0,0,0,0,0,0,0,0,0,1,0,0,0,0,0,405,180,135
Minun,0,0,0,0,0,0,0,0,0,0,0,0,1,0,0,0,0,0,405,170,145
Volbeat,0,0,0,0,0,0,1,0,0,0,0,0,0,0,0,0,0,0,430,158,150
Illumise,0,0,0,0,0,0,1,0,0,0,0,0,0,0,0,0,0,0,430,158,150
Roselia,0,0,0,1,0,0,0,0,0,0,0,1,0,0,0,0,0,0,400,165,130
Gulpin,0,0,0,1,0,0,0,0,0,0,0,0,0,0,0,0,0,0,302,83,123
Swalot,0,0,0,1,0,0,0,0,0,0,0,0,0,0,0,0,0,0,467,128,183
Carvanha,0,0,0,0,0,0,0,0,0,0,1,0,0,0,0,0,1,0,305,155,65
Sharpedo,0,0,0,0,0,0,0,0,0,0,1,0,0,0,0,0,1,0,560,245,140
Wailmer,0,0,0,0,0,0,0,0,0,0,1,0,0,0,0,0,0,0,400,130,165
Wailord,0,0,0,0,0,0,0,0,0,0,1,0,0,0,0,0,0,0,500,150,215
Numel,0,0,0,0,1,0,0,0,0,1,0,0,0,0,0,0,0,0,305,100,105
Camerupt,0,0,0,0,1,0,0,0,0,1,0,0,0,0,0,0,0,0,560,165,175
Torkoal,0,0,0,0,0,0,0,0,0,1,0,0,0,0,0,0,0,0,470,105,210
Spoink,0,0,0,0,0,0,0,0,0,0,0,0,0,1,0,0,0,0,330,130,140
Grumpig,0,0,0,0,0,0,0,0,0,0,0,0,0,1,0,0,0,0,470,170,190
Spinda,1,0,0,0,0,0,0,0,0,0,0,0,0,0,0,0,0,0,360,120,120
Trapinch,0,0,0,0,1,0,0,0,0,0,0,0,0,0,0,0,0,0,290,110,90
Vibrava,0,0,0,0,1,0,0,0,0,0,0,0,0,0,0,1,0,0,340,140,100
Flygon,0,0,0,0,1,0,0,0,0,0,0,0,0,0,0,1,0,0,520,200,160
Cacnea,0,0,0,0,0,0,0,0,0,0,0,1,0,0,0,0,0,0,335,120,90
Cacturne,0,0,0,0,0,0,0,0,0,0,0,1,0,0,0,0,1,0,475,170,130
Swablu,1,0,1,0,0,0,0,0,0,0,0,0,0,0,0,0,0,0,310,90,120
Altaria,0,0,1,0,0,0,0,0,0,0,0,0,0,0,0,1,0,0,590,190,185
Zangoose,1,0,0,0,0,0,0,0,0,0,0,0,0,0,0,0,0,0,458,205,133
Seviper,0,0,0,1,0,0,0,0,0,0,0,0,0,0,0,0,0,0,458,165,133
Lunatone,0,0,0,0,0,1,0,0,0,0,0,0,0,1,0,0,0,0,460,165,175
Solrock,0,0,0,0,0,1,0,0,0,0,0,0,0,1,0,0,0,0,460,165,175
Barboach,0,0,0,0,1,0,0,0,0,0,1,0,0,0,0,0,0,0,288,108,93
Whiscash,0,0,0,0,1,0,0,0,0,0,1,0,0,0,0,0,0,0,468,138,183
Corphish,0,0,0,0,0,0,0,0,0,0,1,0,0,0,0,0,0,0,308,115,108
Crawdaunt,0,0,0,0,0,0,0,0,0,0,1,0,0,0,0,0,1,0,468,175,148
Baltoy,0,0,0,0,1,0,0,0,0,0,0,0,0,1,0,0,0,0,300,95,110
Claydol,0,0,0,0,1,0,0,0,0,0,0,0,0,1,0,0,0,0,500,145,180
Lileep,0,0,0,0,0,1,0,0,0,0,0,1,0,0,0,0,0,0,355,84,153
Cradily,0,0,0,0,0,1,0,0,0,0,0,1,0,0,0,0,0,0,495,124,193
Anorith,0,0,0,0,0,1,1,0,0,0,0,0,0,0,0,0,0,0,355,170,95
Armaldo,0,0,0,0,0,1,1,0,0,0,0,0,0,0,0,0,0,0,495,170,175
Feebas,0,0,0,0,0,0,0,0,0,0,1,0,0,0,0,0,0,0,200,95,75
Milotic,0,0,0,0,0,0,0,0,0,0,1,0,0,0,0,0,0,0,540,181,220
Castform,1,0,0,0,0,0,0,0,0,0,0,0,0,0,0,0,0,0,420,140,140
Kecleon,1,0,0,0,0,0,0,0,0,0,0,0,0,0,0,0,0,0,440,130,180
Shuppet,0,0,0,0,0,0,0,1,0,0,0,0,0,0,0,0,0,0,295,120,79
Banette,0,0,0,0,0,0,0,1,0,0,0,0,0,0,0,0,0,0,555,240,147
Duskull,0,0,0,0,0,0,0,1,0,0,0,0,0,0,0,0,0,0,295,65,110
Dusclops,0,0,0,0,0,0,0,1,0,0,0,0,0,0,0,0,0,0,455,95,170
Tropius,0,0,1,0,0,0,0,0,0,0,0,1,0,0,0,0,0,0,460,123,186
Chimecho,0,0,0,0,0,0,0,0,0,0,0,0,0,1,0,0,0,0,455,160,165
Absol,0,0,0,0,0,0,0,0,0,0,0,0,0,0,0,0,1,0,565,265,125
Snorunt,0,0,0,0,0,0,0,0,0,0,0,0,0,0,1,0,0,0,300,100,100
Glalie,0,0,0,0,0,0,0,0,0,0,0,0,0,0,1,0,0,0,580,220,160
Spheal,0,0,0,0,0,0,0,0,0,0,1,0,0,0,1,0,0,0,290,80,120
Sealeo,0,0,0,0,0,0,0,0,0,0,1,0,0,0,1,0,0,0,410,120,160
Walrein,0,0,0,0,0,0,0,0,0,0,1,0,0,0,1,0,0,0,530,160,200
Clamperl,0,0,0,0,0,0,0,0,0,0,1,0,0,0,0,0,0,0,345,106,120
Huntail,0,0,0,0,0,0,0,0,0,0,1,0,0,0,0,0,0,0,485,156,160
Gorebyss,0,0,0,0,0,0,0,0,0,0,1,0,0,0,0,0,0,0,485,166,160
Relicanth,0,0,0,0,0,1,0,0,0,0,1,0,0,0,0,0,0,0,485,145,230
Luvdisc,0,0,0,0,0,0,0,0,0,0,1,0,0,0,0,0,0,0,330,137,108
Bagon,0,0,0,0,0,0,0,0,0,0,0,0,0,0,0,1,0,0,300,125,105
Shelgon,0,0,0,0,0,0,0,0,0,0,0,0,0,0,0,1,0,0,420,145,165
Salamence,0,0,1,0,0,0,0,0,0,0,0,0,0,0,0,1,0,0,700,265,225
Beldum,0,0,0,0,0,0,0,0,1,0,0,0,0,1,0,0,0,0,300,85,120
Metang,0,0,0,0,0,0,0,0,1,0,0,0,0,1,0,0,0,0,420,125,160
Metagross,0,0,0,0,0,0,0,0,1,0,0,0,0,1,0,0,0,0,700,255,230
Turtwig,0,0,0,0,0,0,0,0,0,0,0,1,0,0,0,0,0,0,318,99,119
Grotle,0,0,0,0,0,0,0,0,0,0,0,1,0,0,0,0,0,0,405,125,160
Torterra,0,0,0,0,1,0,0,0,0,0,0,1,0,0,0,0,0,0,525,165,200
Chimchar,0,0,0,0,0,0,0,0,0,1,0,0,0,0,0,0,0,0,309,119,88
Monferno,0,1,0,0,0,0,0,0,0,1,0,0,0,0,0,0,0,0,405,159,116
Infernape,0,1,0,0,0,0,0,0,0,1,0,0,0,0,0,0,0,0,534,212,147
Piplup,0,0,0,0,0,0,0,0,0,0,1,0,0,0,0,0,0,0,314,101,109
Prinplup,0,0,0,0,0,0,0,0,0,0,1,0,0,0,0,0,0,0,405,131,140
Empoleon,0,0,0,0,0,0,0,0,1,0,1,0,0,0,0,0,0,0,530,171,185
Starly,1,0,1,0,0,0,0,0,0,0,0,0,0,0,0,0,0,0,245,115,70
Staravia,1,0,1,0,0,0,0,0,0,0,0,0,0,0,0,0,0,0,340,155,105
Staraptor,1,0,1,0,0,0,0,0,0,0,0,0,0,0,0,0,0,0,485,220,155
Bidoof,1,0,0,0,0,0,0,0,0,0,0,0,0,0,0,0,0,0,250,76,99
Bibarel,1,0,0,0,0,0,0,0,0,0,1,0,0,0,0,0,0,0,410,156,139
Kricketot,0,0,0,0,0,0,1,0,0,0,0,0,0,0,0,0,0,0,194,50,78
Kricketune,0,0,0,0,0,0,1,0,0,0,0,0,0,0,0,0,0,0,384,150,128
Shinx,0,0,0,0,0,0,0,0,0,0,0,0,1,0,0,0,0,0,263,110,79
Luxio,0,0,0,0,0,0,0,0,0,0,0,0,1,0,0,0,0,0,363,145,109
Luxray,0,0,0,0,0,0,0,0,0,0,0,0,1,0,0,0,0,0,523,190,159
Budew,0,0,0,1,0,0,0,0,0,0,0,1,0,0,0,0,0,0,280,105,110
Roserade,0,0,0,1,0,0,0,0,0,0,0,1,0,0,0,0,0,0,515,215,165
Cranidos,0,0,0,0,0,1,0,0,0,0,0,0,0,0,0,0,0,0,350,183,107
Rampardos,0,0,0,0,0,1,0,0,0,0,0,0,0,0,0,0,0,0,495,223,157
Shieldon,0,0,0,0,0,1,0,0,1,0,0,0,0,0,0,0,0,0,350,72,148
Bastiodon,0,0,0,0,0,1,0,0,1,0,0,0,0,0,0,0,0,0,495,82,228
Burmy,0,0,0,0,0,0,1,0,0,0,0,0,0,0,0,0,0,0,224,65,85
Wormadam,0,0,0,0,0,0,1,0,0,0,0,1,0,0,0,0,0,0,424,105,155
Mothim,0,0,1,0,0,0,1,0,0,0,0,0,0,0,0,0,0,0,424,160,120
Combee,0,0,1,0,0,0,1,0,0,0,0,0,0,0,0,0,0,0,244,100,72
Vespiquen,0,0,1,0,0,0,1,0,0,0,0,0,0,0,0,0,0,0,474,120,172
Pachirisu,0,0,0,0,0,0,0,0,0,0,0,0,1,0,0,0,0,0,405,140,150
Buizel,0,0,0,0,0,0,0,0,0,0,1,0,0,0,0,0,0,0,330,150,90
Floatzel,0,0,0,0,0,0,0,0,0,0,1,0,0,0,0,0,0,0,495,220,140
Cherubi,0,0,0,0,0,0,0,0,0,0,0,1,0,0,0,0,0,0,275,97,98
Cherrim,0,0,0,0,0,0,0,0,0,0,0,1,0,0,0,0,0,0,450,172,148
Shellos,0,0,0,0,0,0,0,0,0,0,1,0,0,0,0,0,0,0,325,91,138
Gastrodon,0,0,0,0,1,0,0,0,0,0,1,0,0,0,0,0,0,0,475,131,193
Ambipom,1,0,0,0,0,0,0,0,0,0,0,0,0,0,0,0,0,0,482,215,141
Drifloon,0,0,1,0,0,0,0,1,0,0,0,0,0,0,0,0,0,0,348,130,134
Drifblim,0,0,1,0,0,0,0,1,0,0,0,0,0,0,0,0,0,0,498,170,204
Buneary,1,0,0,0,0,0,0,0,0,0,0,0,0,0,0,0,0,0,350,151,111
Lopunny,1,0,0,0,0,0,0,0,0,0,0,0,0,0,0,0,0,0,580,271,161
Mismagius,0,0,0,0,0,0,0,1,0,0,0,0,0,0,0,0,0,0,495,210,165
Honchkrow,0,0,1,0,0,0,0,0,0,0,0,0,0,0,0,0,1,0,505,196,152
Glameow,1,0,0,0,0,0,0,0,0,0,0,0,0,0,0,0,0,0,310,140,91
Purugly,1,0,0,0,0,0,0,0,0,0,0,0,0,0,0,0,0,0,452,194,135
Chingling,0,0,0,0,0,0,0,0,0,0,0,0,0,1,0,0,0,0,285,110,95
Stunky,0,0,0,1,0,0,0,0,0,0,0,0,0,0,0,0,1,0,329,137,110
Skuntank,0,0,0,1,0,0,0,0,0,0,0,0,0,0,0,0,1,0,479,177,170
Bronzor,0,0,0,0,0,0,0,0,1,0,0,0,0,1,0,0,0,0,300,47,143
Bronzong,0,0,0,0,0,0,0,0,1,0,0,0,0,1,0,0,0,0,500,122,183
Bonsly,0,0,0,0,0,1,0,0,0,0,0,0,0,0,0,0,0,0,290,90,145
Mime Jr.,0,0,0,0,0,0,0,0,0,0,0,0,0,1,0,0,0,1,310,130,110
Happiny,1,0,0,0,0,0,0,0,0,0,0,0,0,0,0,0,0,0,220,45,165
Chatot,1,0,1,0,0,0,0,0,0,0,0,0,0,0,0,0,0,0,411,183,121
Spiritomb,0,0,0,0,0,0,0,1,0,0,0,0,0,0,0,0,1,0,485,127,158
Gible,0,0,0,0,1,0,0,0,0,0,0,0,0,0,0,1,0,0,300,112,103
Gabite,0,0,0,0,1,0,0,0,0,0,0,0,0,0,0,1,0,0,410,172,133
Garchomp,0,0,0,0,1,0,0,0,0,0,0,0,0,0,0,1,0,0,700,262,223
Munchlax,1,0,0,0,0,0,0,0,0,0,0,0,0,0,0,0,0,0,390,90,220
Riolu,0,1,0,0,0,0,0,0,0,0,0,0,0,0,0,0,0,0,285,130,80
Lucario,0,1,0,0,0,0,0,0,1,0,0,0,0,0,0,0,0,0,625,257,158
Hippopotas,0,0,0,0,1,0,0,0,0,0,0,0,0,0,0,0,0,0,330,104,146
Hippowdon,0,0,0,0,1,0,0,0,0,0,0,0,0,0,0,0,0,0,525,159,226
Skorupi,0,0,0,1,0,0,1,0,0,0,0,0,0,0,0,0,0,0,330,115,130
Drapion,0,0,0,1,0,0,0,0,0,0,0,0,0,0,0,0,1,0,500,185,180
Croagunk,0,1,0,1,0,0,0,0,0,0,0,0,0,0,0,0,0,0,300,111,88
Toxicroak,0,1,0,1,0,0,0,0,0,0,0,0,0,0,0,0,0,0,490,191,148
Carnivine,0,0,0,0,0,0,0,0,0,0,0,1,0,0,0,0,0,0,454,146,146
Finneon,0,0,0,0,0,0,0,0,0,0,1,0,0,0,0,0,0,0,330,115,110
Lumineon,0,0,0,0,0,0,0,0,0,0,1,0,0,0,0,0,0,0,460,160,155
Mantyke,0,0,1,0,0,0,0,0,0,0,1,0,0,0,0,0,0,0,345,110,165
Snover,0,0,0,0,0,0,0,0,0,0,0,1,0,0,1,0,0,0,334,102,120
Abomasnow,0,0,0,0,0,0,0,0,0,0,0,1,0,0,1,0,0,0,594,162,195
Weavile,0,0,0,0,0,0,0,0,0,0,0,0,0,0,1,0,1,0,510,245,155
Magnezone,0,0,0,0,0,0,0,0,1,0,0,0,1,0,0,0,0,0,535,190,185
Lickilicky,1,0,0,0,0,0,0,0,0,0,0,0,0,0,0,0,0,0,515,135,205
Rhyperior,0,0,0,0,1,1,0,0,0,0,0,0,0,0,0,0,0,0,535,180,245
Tangrowth,0,0,0,0,0,0,0,0,0,0,0,1,0,0,0,0,0,0,535,160,225
Electivire,0,0,0,0,0,0,0,0,0,0,0,0,1,0,0,0,0,0,540,218,160
Magmortar,0,0,0,0,0,0,0,0,0,1,0,0,0,0,0,0,0,0,540,208,170
Togekiss,0,0,1,0,0,0,0,0,0,0,0,0,0,0,0,0,0,1,545,200,200
Yanmega,0,0,1,0,0,0,1,0,0,0,0,0,0,0,0,0,0,0,515,211,172
Leafeon,0,0,0,0,0,0,0,0,0,0,0,1,0,0,0,0,0,0,525,205,195
Glaceon,0,0,0,0,0,0,0,0,0,0,0,0,0,0,1,0,0,0,525,195,175
Gliscor,0,0,1,0,1,0,0,0,0,0,0,0,0,0,0,0,0,0,510,190,200
Mamoswine,0,0,0,0,1,0,0,0,0,0,0,0,0,0,1,0,0,0,530,210,190
Porygon-Z,1,0,0,0,0,0,0,0,0,0,0,0,0,0,0,0,0,0,535,225,160
Gallade,0,1,0,0,0,0,0,0,0,0,0,0,0,1,0,0,0,0,618,275,183
Probopass,0,0,0,0,0,1,0,0,1,0,0,0,0,0,0,0,0,0,525,115,210
Dusknoir,0,0,0,0,0,0,0,1,0,0,0,0,0,0,0,0,0,0,525,145,180
Froslass,0,0,0,0,0,0,0,1,0,0,0,0,0,0,1,0,0,0,480,190,140
Rotom,0,0,0,0,0,0,0,1,0,0,0,0,1,0,0,0,0,0,520,191,157
Phione,0,0,0,0,0,0,0,0,0,0,1,0,0,0,0,0,0,0,480,160,160
Snivy,0,0,0,0,0,0,0,0,0,0,0,1,0,0,0,0,0,0,308,108,100
Servine,0,0,0,0,0,0,0,0,0,0,0,1,0,0,0,0,0,0,413,143,135
Serperior,0,0,0,0,0,0,0,0,0,0,0,1,0,0,0,0,0,0,528,188,170
Tepig,0,0,0,0,0,0,0,0,0,1,0,0,0,0,0,0,0,0,308,108,110
Pignite,0,1,0,0,0,0,0,0,0,1,0,0,0,0,0,0,0,0,418,148,145
Emboar,0,1,0,0,0,0,0,0,0,1,0,0,0,0,0,0,0,0,528,188,175
Oshawott,0,0,0,0,0,0,0,0,0,0,1,0,0,0,0,0,0,0,308,108,100
Dewott,0,0,0,0,0,0,0,0,0,0,1,0,0,0,0,0,0,0,413,143,135
Samurott,0,0,0,0,0,0,0,0,0,0,1,0,0,0,0,0,0,0,528,178,180
Patrat,1,0,0,0,0,0,0,0,0,0,0,0,0,0,0,0,0,0,255,97,84
Watchog,1,0,0,0,0,0,0,0,0,0,0,0,0,0,0,0,0,0,420,162,129
Lillipup,1,0,0,0,0,0,0,0,0,0,0,0,0,0,0,0,0,0,275,115,90
Herdier,1,0,0,0,0,0,0,0,0,0,0,0,0,0,0,0,0,0,370,140,130
Stoutland,1,0,0,0,0,0,0,0,0,0,0,0,0,0,0,0,0,0,500,190,175
Purrloin,0,0,0,0,0,0,0,0,0,0,0,0,0,0,0,0,1,0,281,116,78
Liepard,0,0,0,0,0,0,0,0,0,0,0,0,0,0,0,0,1,0,446,194,114
Pansage,0,0,0,0,0,0,0,0,0,0,0,1,0,0,0,0,0,0,316,117,98
Simisage,0,0,0,0,0,0,0,0,0,0,0,1,0,0,0,0,0,0,498,199,138
Pansear,0,0,0,0,0,0,0,0,0,1,0,0,0,0,0,0,0,0,316,117,98
Simisear,0,0,0,0,0,0,0,0,0,1,0,0,0,0,0,0,0,0,498,199,138
Panpour,0,0,0,0,0,0,0,0,0,0,1,0,0,0,0,0,0,0,316,117,98
Simipour,0,0,0,0,0,0,0,0,0,0,1,0,0,0,0,0,0,0,498,199,138
Munna,0,0,0,0,0,0,0,0,0,0,0,0,0,1,0,0,0,0,292,91,131
Musharna,0,0,0,0,0,0,0,0,0,0,0,0,0,1,0,0,0,0,487,136,211
Pidove,1,0,1,0,0,0,0,0,0,0,0,0,0,0,0,0,0,0,264,98,100
Tranquill,1,0,1,0,0,0,0,0,0,0,0,0,0,0,0,0,0,0,358,142,124
Unfezant,1,0,1,0,0,0,0,0,0,0,0,0,0,0,0,0,0,0,488,208,160
Blitzle,0,0,0,0,0,0,0,0,0,0,0,0,1,0,0,0,0,0,295,136,77
Zebstrika,0,0,0,0,0,0,0,0,0,0,0,0,1,0,0,0,0,0,497,216,138
Roggenrola,0,0,0,0,0,1,0,0,0,0,0,0,0,0,0,0,0,0,280,90,140
Boldore,0,0,0,0,0,1,0,0,0,0,0,0,0,0,0,0,0,0,390,125,175
Gigalith,0,0,0,0,0,1,0,0,0,0,0,0,0,0,0,0,0,0,515,160,215
Woobat,0,0,1,0,0,0,0,0,0,0,0,0,0,1,0,0,0,0,323,127,108
Swoobat,0,0,1,0,0,0,0,0,0,0,0,0,0,1,0,0,0,0,425,191,122
Drilbur,0,0,0,0,1,0,0,0,0,0,0,0,0,0,0,0,0,0,328,153,105
Excadrill,0,0,0,0,1,0,0,0,1,0,0,0,0,0,0,0,0,0,508,223,175
Audino,1,0,0,0,0,0,0,0,0,0,0,0,0,0,0,0,0,0,545,130,229
Timburr,0,1,0,0,0,0,0,0,0,0,0,0,0,0,0,0,0,0,305,115,130
Gurdurr,0,1,0,0,0,0,0,0,0,0,0,0,0,0,0,0,0,0,405,145,170
Conkeldurr,0,1,0,0,0,0,0,0,0,0,0,0,0,0,0,0,0,0,505,185,200
Tympole,0,0,0,0,0,0,0,0,0,0,1,0,0,0,0,0,0,0,294,114,90
Palpitoad,0,0,0,0,1,0,0,0,0,0,1,0,0,0,0,0,0,0,384,134,130
Seismitoad,0,0,0,0,1,0,0,0,0,0,1,0,0,0,0,0,0,0,509,169,180
Throh,0,1,0,0,0,0,0,0,0,0,0,0,0,0,0,0,0,0,465,145,205
Sawk,0,1,0,0,0,0,0,0,0,0,0,0,0,0,0,0,0,0,465,210,150
Sewaddle,0,0,0,0,0,0,1,0,0,0,0,1,0,0,0,0,0,0,310,95,115
Swadloon,0,0,0,0,0,0,1,0,0,0,0,1,0,0,0,0,0,0,380,105,145
Leavanny,0,0,0,0,0,0,1,0,0,0,0,1,0,0,0,0,0,0,500,195,155
Venipede,0,0,0,1,0,0,1,0,0,0,0,0,0,0,0,0,0,0,260,102,89
Whirlipede,0,0,0,1,0,0,1,0,0,0,0,0,0,0,0,0,0,0,360,102,139
Scolipede,0,0,0,1,0,0,1,0,0,0,0,0,0,0,0,0,0,0,485,212,149
Cottonee,0,0,0,0,0,0,0,0,0,0,0,1,0,0,0,0,0,1,280,103,100
Whimsicott,0,0,0,0,0,0,0,0,0,0,0,1,0,0,0,0,0,1,480,193,145
Petilil,0,0,0,0,0,0,0,0,0,0,0,1,0,0,0,0,0,0,280,100,95
Lilligant,0,0,0,0,0,0,0,0,0,0,0,1,0,0,0,0,0,0,480,200,145
Basculin,0,0,0,0,0,0,0,0,0,0,1,0,0,0,0,0,0,0,460,190,135
Sandile,0,0,0,0,1,0,0,0,0,0,0,0,0,0,0,0,1,0,292,137,85
Krokorok,0,0,0,0,1,0,0,0,0,0,0,0,0,0,0,0,1,0,351,156,105
Krookodile,0,0,0,0,1,0,0,0,0,0,0,0,0,0,0,0,1,0,519,209,175
Darumaka,0,0,0,0,0,0,0,0,0,1,0,0,0,0,0,0,0,0,315,140,115
Darmanitan,0,0,0,0,0,0,0,0,0,1,0,0,0,0,0,0,0,0,540,195,210
Maractus,0,0,0,0,0,0,0,0,0,0,0,1,0,0,0,0,0,0,461,166,142
Dwebble,0,0,0,0,0,1,1,0,0,0,0,0,0,0,0,0,0,0,325,120,135
Crustle,0,0,0,0,0,1,1,0,0,0,0,0,0,0,0,0,0,0,485,150,195
Scraggy,0,1,0,0,0,0,0,0,0,0,0,0,0,0,0,0,1,0,348,123,120
Scrafty,0,1,0,0,0,0,0,0,0,0,0,0,0,0,0,0,1,0,488,148,180
Sigilyph,0,0,1,0,0,0,0,0,0,0,0,0,0,1,0,0,0,0,490,200,152
Yamask,0,0,0,0,0,0,0,1,0,0,0,0,0,0,0,0,0,0,303,85,123
Cofagrigus,0,0,0,0,0,0,0,1,0,0,0,0,0,0,0,0,0,0,483,125,203
Tirtouga,0,0,0,0,0,1,0,0,0,0,1,0,0,0,0,0,0,0,355,100,157
Carracosta,0,0,0,0,0,1,0,0,0,0,1,0,0,0,0,0,0,0,495,140,207
Archen,0,0,1,0,0,1,0,0,0,0,0,0,0,0,0,0,0,0,401,182,100
Archeops,0,0,1,0,0,1,0,0,0,0,0,0,0,0,0,0,0,0,567,250,140
Trubbish,0,0,0,1,0,0,0,0,0,0,0,0,0,0,0,0,0,0,329,115,112
Garbodor,0,0,0,1,0,0,0,0,0,0,0,0,0,0,0,0,0,0,474,170,162
Zorua,0,0,0,0,0,0,0,0,0,0,0,0,0,0,0,0,1,0,330,145,80
Zoroark,0,0,0,0,0,0,0,0,0,0,0,0,0,0,0,0,1,0,510,225,120
Minccino,1,0,0,0,0,0,0,0,0,0,0,0,0,0,0,0,0,0,300,125,95
Cinccino,1,0,0,0,0,0,0,0,0,0,0,0,0,0,0,0,0,0,470,210,135
Gothita,0,0,0,0,0,0,0,0,0,0,0,0,0,1,0,0,0,0,290,100,110
Gothorita,0,0,0,0,0,0,0,0,0,0,0,0,0,1,0,0,0,0,390,130,145
Gothitelle,0,0,0,0,0,0,0,0,0,0,0,0,0,1,0,0,0,0,490,160,180
Solosis,0,0,0,0,0,0,0,0,0,0,0,0,0,1,0,0,0,0,290,125,95
Duosion,0,0,0,0,0,0,0,0,0,0,0,0,0,1,0,0,0,0,370,155,125
Reuniclus,0,0,0,0,0,0,0,0,0,0,0,0,0,1,0,0,0,0,490,155,195
Ducklett,0,0,1,0,0,0,0,0,0,0,1,0,0,0,0,0,0,0,305,99,112
Swanna,0,0,1,0,0,0,0,0,0,0,1,0,0,0,0,0,0,0,473,185,138
Vanillite,0,0,0,0,0,0,0,0,0,0,0,0,0,0,1,0,0,0,305,109,96
Vanillish,0,0,0,0,0,0,0,0,0,0,0,0,0,0,1,0,0,0,395,139,126
Vanilluxe,0,0,0,0,0,0,0,0,0,0,0,0,0,0,1,0,0,0,535,189,166
Deerling,1,0,0,0,0,0,0,0,0,0,0,1,0,0,0,0,0,0,335,135,110
Sawsbuck,1,0,0,0,0,0,0,0,0,0,0,1,0,0,0,0,0,0,475,195,150
Emolga,0,0,1,0,0,0,0,0,0,0,0,0,1,0,0,0,0,0,428,178,115
Karrablast,0,0,0,0,0,0,1,0,0,0,0,0,0,0,0,0,0,0,315,135,95
Escavalier,0,0,0,0,0,0,1,0,1,0,0,0,0,0,0,0,0,0,495,155,175
Foongus,0,0,0,1,0,0,0,0,0,0,0,1,0,0,0,0,0,0,294,70,124
Amoonguss,0,0,0,1,0,0,0,0,0,0,0,1,0,0,0,0,0,0,464,115,194
Frillish,0,0,0,0,0,0,0,1,0,0,1,0,0,0,0,0,0,0,335,105,140
Jellicent,0,0,0,0,0,0,0,1,0,0,1,0,0,0,0,0,0,0,480,145,205
Alomomola,0,0,0,0,0,0,0,0,0,0,1,0,0,0,0,0,0,0,470,140,245
Joltik,0,0,0,0,0,0,1,0,0,0,0,0,1,0,0,0,0,0,319,122,100
Galvantula,0,0,0,0,0,0,1,0,0,0,0,0,1,0,0,0,0,0,472,205,130
Ferroseed,0,0,0,0,0,0,0,0,1,0,0,1,0,0,0,0,0,0,305,60,135
Ferrothorn,0,0,0,0,0,0,0,0,1,0,0,1,0,0,0,0,0,0,489,114,205
Klink,0,0,0,0,0,0,0,0,1,0,0,0,0,0,0,0,0,0,300,85,110
Klang,0,0,0,0,0,0,0,0,1,0,0,0,0,0,0,0,0,0,440,130,155
Klinklang,0,0,0,0,0,0,0,0,1,0,0,0,0,0,0,0,0,0,520,190,175
Tynamo,0,0,0,0,0,0,0,0,0,0,0,0,1,0,0,0,0,0,275,115,75
Eelektrik,0,0,0,0,0,0,0,0,0,0,0,0,1,0,0,0,0,0,405,125,135
Eelektross,0,0,0,0,0,0,0,0,0,0,0,0,1,0,0,0,0,0,515,165,165
Elgyem,0,0,0,0,0,0,0,0,0,0,0,0,0,1,0,0,0,0,335,115,110
Beheeyem,0,0,0,0,0,0,0,0,0,0,0,0,0,1,0,0,0,0,485,165,170
Litwick,0,0,0,0,0,0,0,1,0,1,0,0,0,0,0,0,0,0,275,85,105
Lampent,0,0,0,0,0,0,0,1,0,1,0,0,0,0,0,0,0,0,370,150,120
Chandelure,0,0,0,0,0,0,0,1,0,1,0,0,0,0,0,0,0,0,520,225,150
Axew,0,0,0,0,0,0,0,0,0,0,0,0,0,0,0,1,0,0,320,144,106
Fraxure,0,0,0,0,0,0,0,0,0,0,0,0,0,0,0,1,0,0,410,184,136
Haxorus,0,0,0,0,0,0,0,0,0,0,0,0,0,0,0,1,0,0,540,244,166
Cubchoo,0,0,0,0,0,0,0,0,0,0,0,0,0,0,1,0,0,0,305,110,95
Beartic,0,0,0,0,0,0,0,0,0,0,0,0,0,0,1,0,0,0,505,180,175
Cryogonal,0,0,0,0,0,0,0,0,0,0,0,0,0,0,1,0,0,0,515,200,215
Shelmet,0,0,0,0,0,0,1,0,0,0,0,0,0,0,0,0,0,0,305,65,135
Accelgor,0,0,0,0,0,0,1,0,0,0,0,0,0,0,0,0,0,0,495,245,140
Stunfisk,0,0,0,0,1,0,0,0,0,0,0,0,1,0,0,0,0,0,471,113,208
Mienfoo,0,1,0,0,0,0,0,0,0,0,0,0,0,0,0,0,0,0,350,150,95
Mienshao,0,1,0,0,0,0,0,0,0,0,0,0,0,0,0,0,0,0,510,230,125
Druddigon,0,0,0,0,0,0,0,0,0,0,0,0,0,0,0,1,0,0,485,168,167
Golett,0,0,0,0,1,0,0,1,0,0,0,0,0,0,0,0,0,0,303,109,109
Golurk,0,0,0,0,1,0,0,1,0,0,0,0,0,0,0,0,0,0,483,179,169
Pawniard,0,0,0,0,0,0,0,0,1,0,0,0,0,0,0,0,1,0,340,145,115
Bisharp,0,0,0,0,0,0,0,0,1,0,0,0,0,0,0,0,1,0,490,195,165
Bouffalant,1,0,0,0,0,0,0,0,0,0,0,0,0,0,0,0,0,0,490,165,190
Rufflet,1,0,1,0,0,0,0,0,0,0,0,0,0,0,0,0,0,0,350,143,120
Braviary,1,0,1,0,0,0,0,0,0,0,0,0,0,0,0,0,0,0,510,203,175
Vullaby,0,0,1,0,0,0,0,0,0,0,0,0,0,0,0,0,1,0,370,115,145
Mandibuzz,0,0,1,0,0,0,0,0,0,0,0,0,0,0,0,0,1,0,510,145,215
Heatmor,0,0,0,0,0,0,0,0,0,1,0,0,0,0,0,0,0,0,484,170,151
Durant,0,0,0,0,0,0,1,0,1,0,0,0,0,0,0,0,0,0,484,218,170
Deino,0,0,0,0,0,0,0,0,0,0,0,0,0,0,0,1,1,0,300,103,102
Zweilous,0,0,0,0,0,0,0,0,0,0,0,0,0,0,0,1,1,0,420,143,142
Hydreigon,0,0,0,0,0,0,0,0,0,0,0,0,0,0,0,1,1,0,600,223,182
Larvesta,0,0,0,0,0,0,1,0,0,1,0,0,0,0,0,0,0,0,360,145,110
Volcarona,0,0,0,0,0,0,1,0,0,1,0,0,0,0,0,0,0,0,550,235,190
Chespin,0,0,0,0,0,0,0,0,0,0,0,1,0,0,0,0,0,0,313,99,121
Quilladin,0,0,0,0,0,0,0,0,0,0,0,1,0,0,0,0,0,0,405,135,156
Chesnaught,0,1,0,0,0,0,0,0,0,0,0,1,0,0,0,0,0,0,530,171,210
Fennekin,0,0,0,0,0,0,0,0,0,1,0,0,0,0,0,0,0,0,307,122,100
Braixen,0,0,0,0,0,0,0,0,0,1,0,0,0,0,0,0,0,0,409,163,129
Delphox,0,0,0,0,0,0,0,0,0,1,0,0,0,1,0,0,0,0,534,218,175
Froakie,0,0,0,0,0,0,0,0,0,0,1,0,0,0,0,0,0,0,314,133,85
Frogadier,0,0,0,0,0,0,0,0,0,0,1,0,0,0,0,0,0,0,405,180,110
Greninja,0,0,0,0,0,0,0,0,0,0,1,0,0,0,0,0,1,0,640,285,143
Bunnelby,1,0,0,0,0,0,0,0,0,0,0,0,0,0,0,0,0,0,237,93,76
Diggersby,1,0,0,0,1,0,0,0,0,0,0,0,0,0,0,0,0,0,423,134,162
Fletchling,1,0,1,0,0,0,0,0,0,0,0,0,0,0,0,0,0,0,278,112,88
Fletchinder,0,0,1,0,0,0,0,0,0,1,0,0,0,0,0,0,0,0,382,157,117
Talonflame,0,0,1,0,0,0,0,0,0,1,0,0,0,0,0,0,0,0,499,207,149
Scatterbug,0,0,0,0,0,0,1,0,0,0,0,0,0,0,0,0,0,0,200,70,78
Spewpa,0,0,0,0,0,0,1,0,0,0,0,0,0,0,0,0,0,0,213,56,105
Vivillon,0,0,1,0,0,0,1,0,0,0,0,0,0,0,0,0,0,0,411,179,130
Litleo,1,0,0,0,0,0,0,0,0,1,0,0,0,0,0,0,0,0,369,145,120
Pyroar,1,0,0,0,0,0,0,0,0,1,0,0,0,0,0,0,0,0,507,215,158
Flabébé,0,0,0,0,0,0,0,0,0,0,0,0,0,0,0,0,0,1,303,103,123
Floette,0,0,0,0,0,0,0,0,0,0,0,0,0,0,0,0,0,1,551,217,202
Florges,0,0,0,0,0,0,0,0,0,0,0,0,0,0,0,0,0,1,552,187,232
Skiddo,0,0,0,0,0,0,0,0,0,0,0,1,0,0,0,0,0,0,350,117,123
Gogoat,0,0,0,0,0,0,0,0,0,0,0,1,0,0,0,0,0,0,531,168,204
Pancham,0,1,0,0,0,0,0,0,0,0,0,0,0,0,0,0,0,0,348,125,129
Pangoro,0,1,0,0,0,0,0,0,0,0,0,0,0,0,0,0,1,0,495,182,173
Furfrou,1,0,0,0,0,0,0,0,0,0,0,0,0,0,0,0,0,0,472,182,165
Espurr,0,0,0,0,0,0,0,0,0,0,0,0,0,1,0,0,0,0,355,131,122
Meowstic,0,0,0,0,0,0,0,0,0,0,0,0,0,1,0,0,0,0,466,187,155
Honedge,0,0,0,0,0,0,0,1,1,0,0,0,0,0,0,0,0,0,325,108,145
Doublade,0,0,0,0,0,0,0,1,1,0,0,0,0,0,0,0,0,0,448,145,209
Aegislash,0,0,0,0,0,0,0,1,1,0,0,0,0,0,0,0,0,0,520,210,110
Spritzee,0,0,0,0,0,0,0,0,0,0,0,0,0,0,0,0,0,1,341,86,143
Aromatisse,0,0,0,0,0,0,0,0,0,0,0,0,0,0,0,0,0,1,462,128,190
Swirlix,0,0,0,0,0,0,0,0,0,0,0,0,0,0,0,0,0,1,341,108,128
Slurpuff,0,0,0,0,0,0,0,0,0,0,0,0,0,0,0,0,0,1,480,157,168
Inkay,0,0,0,0,0,0,0,0,0,0,0,0,0,1,0,0,1,0,288,99,106
Malamar,0,0,0,0,0,0,0,0,0,0,0,0,0,1,0,0,1,0,482,165,174
Binacle,0,0,0,0,0,1,0,0,0,0,1,0,0,0,0,0,0,0,306,102,109
Barbaracle,0,0,0,0,0,1,0,0,0,0,1,0,0,0,0,0,0,0,500,173,187
Skrelp,0,0,0,1,0,0,0,0,0,0,1,0,0,0,0,0,0,0,320,90,110
Dragalge,0,0,0,1,0,0,0,0,0,0,0,0,0,0,0,1,0,0,494,141,188
Clauncher,0,0,0,0,0,0,0,0,0,0,1,0,0,0,0,0,0,0,330,102,113
Clawitzer,0,0,0,0,0,0,0,0,0,0,1,0,0,0,0,0,0,0,500,179,160
Helioptile,1,0,0,0,0,0,0,0,0,0,0,0,1,0,0,0,0,0,289,131,87
Heliolisk,1,0,0,0,0,0,0,0,0,0,0,0,1,0,0,0,0,0,481,218,156
Tyrunt,0,0,0,0,0,1,0,0,0,0,0,0,0,0,0,1,0,0,362,137,135
Tyrantrum,0,0,0,0,0,1,0,0,0,0,0,0,0,0,0,1,0,0,521,192,201
Amaura,0,0,0,0,0,1,0,0,0,0,0,0,0,0,1,0,0,0,362,113,140
Aurorus,0,0,0,0,0,1,0,0,0,0,0,0,0,0,1,0,0,0,521,157,215
Sylveon,0,0,0,0,0,0,0,0,0,0,0,0,0,0,0,0,0,1,525,170,225
Hawlucha,0,1,1,0,0,0,0,0,0,0,0,0,0,0,0,0,0,0,500,210,153
Dedenne,0,0,0,0,0,0,0,0,0,0,0,0,1,0,0,0,0,1,431,182,134
Carbink,0,0,0,0,0,1,0,0,0,0,0,0,0,0,0,0,0,1,500,100,200
Goomy,0,0,0,0,0,0,0,0,0,0,0,0,0,0,0,1,0,0,300,95,120
Sliggoo,0,0,0,0,0,0,0,0,0,0,0,0,0,0,0,1,0,0,452,143,181
Goodra,0,0,0,0,0,0,0,0,0,0,0,0,0,0,0,1,0,0,600,190,240
Klefki,0,0,0,0,0,0,0,0,1,0,0,0,0,0,0,0,0,1,470,155,148
Phantump,0,0,0,0,0,0,0,1,0,0,0,1,0,0,0,0,0,0,309,108,103
Trevenant,0,0,0,0,0,0,0,1,0,0,0,1,0,0,0,0,0,0,474,166,167
Pumpkaboo,0,0,0,0,0,0,0,1,0,0,0,1,0,0,0,0,0,0,335,107,129
Gourgeist,0,0,0,0,0,0,0,1,0,0,0,1,0,0,0,0,0,0,494,154,207
Bergmite,0,0,0,0,0,0,0,0,0,0,0,0,0,0,1,0,0,0,304,97,140
Avalugg,0,0,0,0,0,0,0,0,0,0,0,0,0,0,1,0,0,0,514,145,279
Noibat,0,0,1,0,0,0,0,0,0,0,0,0,0,0,0,1,0,0,245,100,80
Noivern,0,0,1,0,0,0,0,0,0,0,0,0,0,0,0,1,0,0,535,220,165
Rowlet,0,0,1,0,0,0,0,0,0,0,0,1,0,0,0,0,0,0,320,97,123
Dartrix,0,0,1,0,0,0,0,0,0,0,0,1,0,0,0,0,0,0,420,127,153
Decidueye,0,0,0,0,0,0,0,1,0,0,0,1,0,0,0,0,0,0,530,177,178
Litten,0,0,0,0,0,0,0,0,0,1,0,0,0,0,0,0,0,0,320,135,85
Torracat,0,0,0,0,0,0,0,0,0,1,0,0,0,0,0,0,0,0,420,175,115
Incineroar,0,0,0,0,0,0,0,0,0,1,0,0,0,0,0,0,1,0,530,175,185
Popplio,0,0,0,0,0,0,0,0,0,0,1,0,0,0,0,0,0,0,320,106,106
Brionne,0,0,0,0,0,0,0,0,0,0,1,0,0,0,0,0,0,0,420,141,141
Primarina,0,0,0,0,0,0,0,0,0,0,1,0,0,0,0,0,0,1,530,186,196
Pikipek,1,0,1,0,0,0,0,0,0,0,0,0,0,0,0,0,0,0,265,140,65
Trumbeak,1,0,1,0,0,0,0,0,0,0,0,0,0,0,0,0,0,0,355,160,105
Toucannon,1,0,1,0,0,0,0,0,0,0,0,0,0,0,0,0,0,0,485,180,155
Yungoos,1,0,0,0,0,0,0,0,0,0,0,0,0,0,0,0,0,0,253,115,78
Gumshoos,1,0,0,0,0,0,0,0,0,0,0,0,0,0,0,0,0,0,418,155,148
Grubbin,0,0,0,0,0,0,1,0,0,0,0,0,0,0,0,0,0,0,300,108,92
Charjabug,0,0,0,0,0,0,1,0,0,0,0,0,1,0,0,0,0,0,400,118,152
Vikavolt,0,0,0,0,0,0,1,0,0,0,0,0,1,0,0,0,0,0,500,188,167
Crabrawler,0,1,0,0,0,0,0,0,0,0,0,0,0,0,0,0,0,0,338,145,104
Crabominable,0,1,0,0,0,0,0,0,0,0,0,0,0,0,1,0,0,0,478,175,174
Oricorio,0,0,1,0,0,0,0,0,0,1,0,0,0,0,0,0,0,0,476,191,145
Cutiefly,0,0,0,0,0,0,1,0,0,0,0,0,0,0,0,0,0,1,304,139,80
Ribombee,0,0,0,0,0,0,1,0,0,0,0,0,0,0,0,0,0,1,464,219,130
Rockruff,0,0,0,0,0,1,0,0,0,0,0,0,0,0,0,0,0,0,280,125,85
Lycanroc,0,0,0,0,0,1,0,0,0,0,0,0,0,0,0,0,0,0,487,197,160
Wishiwashi,0,0,0,0,0,0,0,0,0,0,1,0,0,0,0,0,0,0,620,170,180
Mareanie,0,0,0,1,0,0,0,0,0,0,1,0,0,0,0,0,0,0,305,98,112
Toxapex,0,0,0,1,0,0,0,0,0,0,1,0,0,0,0,0,0,0,495,98,202
Mudbray,0,0,0,0,1,0,0,0,0,0,0,0,0,0,0,0,0,0,385,145,140
Mudsdale,0,0,0,0,1,0,0,0,0,0,0,0,0,0,0,0,0,0,500,160,200
Dewpider,0,0,0,0,0,0,1,0,0,0,1,0,0,0,0,0,0,0,269,67,110
Araquanid,0,0,0,0,0,0,1,0,0,0,1,0,0,0,0,0,0,0,454,112,200
Fomantis,0,0,0,0,0,0,0,0,0,0,0,1,0,0,0,0,0,0,250,90,75
Lurantis,0,0,0,0,0,0,0,0,0,0,0,1,0,0,0,0,0,0,480,150,160
Morelull,0,0,0,0,0,0,0,0,0,0,0,1,0,0,0,0,0,1,285,80,115
Shiinotic,0,0,0,0,0,0,0,0,0,0,0,1,0,0,0,0,0,1,405,120,160
Salandit,0,0,0,1,0,0,0,0,0,1,0,0,0,0,0,0,0,0,320,148,88
Salazzle,0,0,0,1,0,0,0,0,0,1,0,0,0,0,0,0,0,0,480,228,128
Stufful,1,1,0,0,0,0,0,0,0,0,0,0,0,0,0,0,0,0,340,125,120
Bewear,1,1,0,0,0,0,0,0,0,0,0,0,0,0,0,0,0,0,500,185,200
Bounsweet,0,0,0,0,0,0,0,0,0,0,0,1,0,0,0,0,0,0,210,62,80
Steenee,0,0,0,0,0,0,0,0,0,0,0,1,0,0,0,0,0,0,290,102,100
Tsareena,0,0,0,0,0,0,0,0,0,0,0,1,0,0,0,0,0,0,510,192,170
Comfey,0,0,0,0,0,0,0,0,0,0,0,0,0,0,0,0,0,1,485,182,161
Oranguru,1,0,0,0,0,0,0,0,0,0,0,0,0,1,0,0,0,0,490,150,200
Passimian,0,1,0,0,0,0,0,0,0,0,0,0,0,0,0,0,0,0,490,200,190
Wimpod,0,0,0,0,0,0,1,0,0,0,1,0,0,0,0,0,0,0,230,115,65
Golisopod,0,0,0,0,0,0,1,0,0,0,1,0,0,0,0,0,0,0,530,165,215
Sandygast,0,0,0,0,1,0,0,1,0,0,0,0,0,0,0,0,0,0,320,85,135
Palossand,0,0,0,0,1,0,0,1,0,0,0,0,0,0,0,0,0,0,480,135,195
Type: Null,1,0,0,0,0,0,0,0,0,0,0,0,0,0,0,0,0,0,534,154,190
Silvally,1,0,0,0,0,0,0,0,0,0,0,0,0,0,0,0,0,0,570,190,190
Minior,0,0,1,0,0,1,0,0,0,0,0,0,0,0,0,0,0,0,500,220,120
Komala,1,0,0,0,0,0,0,0,0,0,0,0,0,0,0,0,0,0,480,180,160
Turtonator,0,0,0,0,0,0,0,0,0,1,0,0,0,0,0,1,0,0,485,127,195
Togedemaru,0,0,0,0,0,0,0,0,1,0,0,0,1,0,0,0,0,0,435,194,138
Mimikyu,0,0,0,0,0,0,0,1,0,0,0,0,0,0,0,0,0,1,476,186,160
Bruxish,0,0,0,0,0,0,0,0,0,0,1,0,0,1,0,0,0,0,475,197,138
Drampa,1,0,0,0,0,0,0,0,0,0,0,0,0,0,0,1,0,0,485,171,169
Dhelmise,0,0,0,0,0,0,0,1,0,0,0,1,0,0,0,0,0,0,517,171,170
Jangmo-o,0,0,0,0,0,0,0,0,0,0,0,0,0,0,0,1,0,0,300,100,110
Hakamo-o,0,1,0,0,0,0,0,0,0,0,0,0,0,0,0,1,0,0,420,140,145
Kommo-o,0,1,0,0,0,0,0,0,0,0,0,0,0,0,0,1,0,0,600,195,200
